<?xml version="1.0" encoding="utf-8" ?>
<dwsync>
<file name="Thumbs.db" server="ftp.axonsg.com/www/projects/ardmorepark/v2/" local="128338925400000000" remote="128338925400000000" />
<file name="children.jpg" server="ftp.axonsg.com/www/projects/ardmorepark/v2/" local="128338925400000000" remote="128338925400000000" />
<file name="close.gif" server="ftp.axonsg.com/www/projects/ardmorepark/v2/" local="128338925400000000" remote="128338925400000000" />
<file name="clubhouse.jpg" server="ftp.axonsg.com/www/projects/ardmorepark/v2/" local="128338925400000000" remote="128338925400000000" />
<file name="fitness.jpg" server="ftp.axonsg.com/www/projects/ardmorepark/v2/" local="128338925400000000" remote="128338925400000000" />
<file name="function.jpg" server="ftp.axonsg.com/www/projects/ardmorepark/v2/" local="128338925400000000" remote="128338925400000000" />
<file name="gym.jpg" server="ftp.axonsg.com/www/projects/ardmorepark/v2/" local="128338925400000000" remote="128338925400000000" />
<file name="koi.jpg" server="ftp.axonsg.com/www/projects/ardmorepark/v2/" local="128338925400000000" remote="128338925400000000" />
<file name="loc_function.jpg" server="ftp.axonsg.com/www/projects/ardmorepark/v2/" local="128338925400000000" remote="128338925400000000" />
<file name="loc_northfunction.jpg" server="ftp.axonsg.com/www/projects/ardmorepark/v2/" local="128338925400000000" remote="128338925400000000" />
<file name="loc_southfunction.jpg" server="ftp.axonsg.com/www/projects/ardmorepark/v2/" local="128338925400000000" remote="128338925400000000" />
<file name="loc_tennis1.jpg" server="ftp.axonsg.com/www/projects/ardmorepark/v2/" local="128338925400000000" remote="128338925400000000" />
<file name="loc_tennis2.jpg" server="ftp.axonsg.com/www/projects/ardmorepark/v2/" local="128338925400000000" remote="128338925400000000" />
<file name="multi.jpg" server="ftp.axonsg.com/www/projects/ardmorepark/v2/" local="128338925400000000" remote="128338925400000000" />
<file name="playarea.jpg" server="ftp.axonsg.com/www/projects/ardmorepark/v2/" local="128338925400000000" remote="128338925400000000" />
<file name="swimming.jpg" server="ftp.axonsg.com/www/projects/ardmorepark/v2/" local="128338925400000000" remote="128338925400000000" />
<file name="tennis.jpg" server="ftp.axonsg.com/www/projects/ardmorepark/v2/" local="128338925400000000" remote="128338925400000000" />
<file name="water.jpg" server="ftp.axonsg.com/www/projects/ardmorepark/v2/" local="128338925400000000" remote="128338925400000000" />
</dwsync>