<?xml version="1.0" encoding="utf-8" ?>
<dwsync>
<file name="Thumbs.db" server="ftp.axonsg.com/www/projects/ardmorepark/v2/" local="128338926000000000" remote="128338926000000000" />
<file name="but_applform_1.gif" server="ftp.axonsg.com/www/projects/ardmorepark/v2/" local="128338924800000000" remote="128338924800000000" />
<file name="but_applform_2.gif" server="ftp.axonsg.com/www/projects/ardmorepark/v2/" local="128338924800000000" remote="128338924800000000" />
<file name="but_bylaws_1.gif" server="ftp.axonsg.com/www/projects/ardmorepark/v2/" local="128338924800000000" remote="128338924800000000" />
<file name="but_bylaws_2.gif" server="ftp.axonsg.com/www/projects/ardmorepark/v2/" local="128338924800000000" remote="128338924800000000" />
<file name="but_community_1.gif" server="ftp.axonsg.com/www/projects/ardmorepark/v2/" local="128338924800000000" remote="128338924800000000" />
<file name="but_community_2.gif" server="ftp.axonsg.com/www/projects/ardmorepark/v2/" local="128338924800000000" remote="128338924800000000" />
<file name="but_contact_1.gif" server="ftp.axonsg.com/www/projects/ardmorepark/v2/" local="128338924800000000" remote="128338924800000000" />
<file name="but_contact_2.gif" server="ftp.axonsg.com/www/projects/ardmorepark/v2/" local="128338924800000000" remote="128338924800000000" />
<file name="but_hm.gif" server="ftp.axonsg.com/www/projects/ardmorepark/v2/" local="128338924800000000" remote="128338924800000000" />
<file name="but_leftlogin_1.gif" server="ftp.axonsg.com/www/projects/ardmorepark/v2/" local="128338924800000000" remote="128338924800000000" />
<file name="but_leftlogin_2.gif" server="ftp.axonsg.com/www/projects/ardmorepark/v2/" local="128338924800000000" remote="128338924800000000" />
<file name="but_leftlogin_3.gif" server="ftp.axonsg.com/www/projects/ardmorepark/v2/" local="128338924800000000" remote="128338924800000000" />
<file name="but_leftlogin_4.gif" server="ftp.axonsg.com/www/projects/ardmorepark/v2/" local="128338924800000000" remote="128338924800000000" />
<file name="but_online_1.gif" server="ftp.axonsg.com/www/projects/ardmorepark/v2/" local="128338924800000000" remote="128338924800000000" />
<file name="but_online_2.gif" server="ftp.axonsg.com/www/projects/ardmorepark/v2/" local="128338924800000000" remote="128338924800000000" />
<file name="but_previousgen1.gif" server="ftp.axonsg.com/www/projects/ardmorepark/v2/" local="128338924800000000" remote="128338924800000000" />
<file name="but_previousgen2.gif" server="ftp.axonsg.com/www/projects/ardmorepark/v2/" local="128338924800000000" remote="128338924800000000" />
<file name="but_profile_1.gif" server="ftp.axonsg.com/www/projects/ardmorepark/v2/" local="128338924800000000" remote="128338924800000000" />
<file name="but_profile_2.gif" server="ftp.axonsg.com/www/projects/ardmorepark/v2/" local="128338924800000000" remote="128338924800000000" />
<file name="but_reset1.gif" server="ftp.axonsg.com/www/projects/ardmorepark/v2/" local="128338925400000000" remote="128338925400000000" />
<file name="but_sitemap.gif" server="ftp.axonsg.com/www/projects/ardmorepark/v2/" local="128338924800000000" remote="128338924800000000" />
<file name="but_submit1.gif" server="ftp.axonsg.com/www/projects/ardmorepark/v2/" local="128338924800000000" remote="128338924800000000" />
<file name="but_useful_1.gif" server="ftp.axonsg.com/www/projects/ardmorepark/v2/" local="128338924800000000" remote="128338924800000000" />
<file name="but_useful_2.gif" server="ftp.axonsg.com/www/projects/ardmorepark/v2/" local="128338924800000000" remote="128338924800000000" />
<file name="ctrbotctr.gif" server="ftp.axonsg.com/www/projects/ardmorepark/v2/" local="128338924800000000" remote="128338924800000000" />
<file name="ctrctrtop.gif" server="ftp.axonsg.com/www/projects/ardmorepark/v2/" local="128338924800000000" remote="128338924800000000" />
<file name="ctrleftbot.gif" server="ftp.axonsg.com/www/projects/ardmorepark/v2/" local="128338924800000000" remote="128338924800000000" />
<file name="ctrleftctr.gif" server="ftp.axonsg.com/www/projects/ardmorepark/v2/" local="128338924800000000" remote="128338924800000000" />
<file name="ctrrgtbot.gif" server="ftp.axonsg.com/www/projects/ardmorepark/v2/" local="128338924800000000" remote="128338924800000000" />
<file name="ctrrgtctr.gif" server="ftp.axonsg.com/www/projects/ardmorepark/v2/" local="128338924800000000" remote="128338924800000000" />
<file name="ctrrgttop.gif" server="ftp.axonsg.com/www/projects/ardmorepark/v2/" local="128338924800000000" remote="128338924800000000" />
<file name="ctrrighttop.gif" server="ftp.axonsg.com/www/projects/ardmorepark/v2/" local="128345805000000000" remote="128345805000000000" />
<file name="home2.jpg" server="ftp.axonsg.com/www/projects/ardmorepark/v2/" local="128338925400000000" remote="128338925400000000" />
<file name="houserules.jpg" server="ftp.axonsg.com/www/projects/ardmorepark/v2/" local="128338924800000000" remote="128338924800000000" />
<file name="intro.jpg" server="ftp.axonsg.com/www/projects/ardmorepark/v2/" local="128338924800000000" remote="128338924800000000" />
<file name="leftbotbg.gif" server="ftp.axonsg.com/www/projects/ardmorepark/v2/" local="128338924800000000" remote="128338924800000000" />
<file name="leftctrbg.gif" server="ftp.axonsg.com/www/projects/ardmorepark/v2/" local="128338925400000000" remote="128338925400000000" />
<file name="leftctrbg2.gif" server="ftp.axonsg.com/www/projects/ardmorepark/v2/" local="128338925400000000" remote="128338925400000000" />
<file name="leftdot.gif" server="ftp.axonsg.com/www/projects/ardmorepark/v2/" local="128338925400000000" remote="128338925400000000" />
<file name="leftdot2.gif" server="ftp.axonsg.com/www/projects/ardmorepark/v2/" local="128338925400000000" remote="128338925400000000" />
<file name="lefttopbg.gif" server="ftp.axonsg.com/www/projects/ardmorepark/v2/" local="128338925400000000" remote="128338925400000000" />
<file name="map.gif" server="ftp.axonsg.com/www/projects/ardmorepark/v2/" local="128338925400000000" remote="128338925400000000" />
<file name="phlower.gif" server="ftp.axonsg.com/www/projects/ardmorepark/v2/" local="128338925400000000" remote="128338925400000000" />
<file name="phupper.gif" server="ftp.axonsg.com/www/projects/ardmorepark/v2/" local="128338925400000000" remote="128338925400000000" />
<file name="residences.gif" server="ftp.axonsg.com/www/projects/ardmorepark/v2/" local="128338925400000000" remote="128338925400000000" />
<file name="rgtphotol.jpg" server="ftp.axonsg.com/www/projects/ardmorepark/v2/" local="128338925400000000" remote="128338925400000000" />
<file name="rgtplan.jpg" server="ftp.axonsg.com/www/projects/ardmorepark/v2/" local="128338925400000000" remote="128338925400000000" />
<file name="rgtvirtual.jpg" server="ftp.axonsg.com/www/projects/ardmorepark/v2/" local="128338925400000000" remote="128338925400000000" />
<file name="sitemap.jpg" server="ftp.axonsg.com/www/projects/ardmorepark/v2/" local="128338925400000000" remote="128338925400000000" />
<file name="sub_logo.gif" server="ftp.axonsg.com/www/projects/ardmorepark/v2/" local="128338926000000000" remote="128338926000000000" />
<file name="top_bg.gif" server="ftp.axonsg.com/www/projects/ardmorepark/v2/" local="128338926000000000" remote="128338926000000000" />
<file name="top_hrline.gif" server="ftp.axonsg.com/www/projects/ardmorepark/v2/" local="128338926000000000" remote="128338926000000000" />
<file name="video_bg1.jpg" server="ftp.axonsg.com/www/projects/ardmorepark/v2/" local="128338926000000000" remote="128338926000000000" />
<file name="video_bg2.gif" server="ftp.axonsg.com/www/projects/ardmorepark/v2/" local="128338926000000000" remote="128338926000000000" />
<file name="video_pent1.gif" server="ftp.axonsg.com/www/projects/ardmorepark/v2/" local="128338926000000000" remote="128338926000000000" />
<file name="video_pent2.gif" server="ftp.axonsg.com/www/projects/ardmorepark/v2/" local="128338926000000000" remote="128338926000000000" />
<file name="video_red1.gif" server="ftp.axonsg.com/www/projects/ardmorepark/v2/" local="128338926000000000" remote="128338926000000000" />
<file name="video_red2.gif" server="ftp.axonsg.com/www/projects/ardmorepark/v2/" local="128338926000000000" remote="128338926000000000" />
<file name="video_title.gif" server="ftp.axonsg.com/www/projects/ardmorepark/v2/" local="128338926000000000" remote="128338926000000000" />
</dwsync>