<?xml version="1.0" encoding="utf-8" ?>
<dwsync>
<file name="1.jpg" server="ftp.axonsg.com/www/projects/ardmorepark/v2/" local="128338925400000000" remote="128338925400000000" />
<file name="10.jpg" server="ftp.axonsg.com/www/projects/ardmorepark/v2/" local="128338926000000000" remote="128338926000000000" />
<file name="11.jpg" server="ftp.axonsg.com/www/projects/ardmorepark/v2/" local="128338926000000000" remote="128338926000000000" />
<file name="12.jpg" server="ftp.axonsg.com/www/projects/ardmorepark/v2/" local="128338926000000000" remote="128338926000000000" />
<file name="13.jpg" server="ftp.axonsg.com/www/projects/ardmorepark/v2/" local="128338926000000000" remote="128338926000000000" />
<file name="14.jpg" server="ftp.axonsg.com/www/projects/ardmorepark/v2/" local="128338926000000000" remote="128338926000000000" />
<file name="15.jpg" server="ftp.axonsg.com/www/projects/ardmorepark/v2/" local="128338926000000000" remote="128338926000000000" />
<file name="2.jpg" server="ftp.axonsg.com/www/projects/ardmorepark/v2/" local="128338926000000000" remote="128338926000000000" />
<file name="3.jpg" server="ftp.axonsg.com/www/projects/ardmorepark/v2/" local="128338926000000000" remote="128338926000000000" />
<file name="4.jpg" server="ftp.axonsg.com/www/projects/ardmorepark/v2/" local="128338926000000000" remote="128338926000000000" />
<file name="5.jpg" server="ftp.axonsg.com/www/projects/ardmorepark/v2/" local="128338926000000000" remote="128338926000000000" />
<file name="6.jpg" server="ftp.axonsg.com/www/projects/ardmorepark/v2/" local="128338926000000000" remote="128338926000000000" />
<file name="7.jpg" server="ftp.axonsg.com/www/projects/ardmorepark/v2/" local="128338926000000000" remote="128338926000000000" />
<file name="8.jpg" server="ftp.axonsg.com/www/projects/ardmorepark/v2/" local="128338926000000000" remote="128338926000000000" />
<file name="9.jpg" server="ftp.axonsg.com/www/projects/ardmorepark/v2/" local="128338926000000000" remote="128338926000000000" />
<file name="Thumbs.db" server="ftp.axonsg.com/www/projects/ardmorepark/v2/" local="128338926000000000" remote="128338926000000000" />
</dwsync>