<?xml version="1.0" encoding="utf-8" ?>
<dwsync>
<file name="Thumbs.db" server="ftp.axonsg.com/www/projects/ardmorepark/v2/" local="128338926000000000" remote="128338926000000000" />
<file name="but_logout_2.gif" server="ftp.axonsg.com/www/projects/ardmorepark/v2/" local="128345801400000000" remote="128345801400000000" />
<file name="but_ok1.gif" server="ftp.axonsg.com/www/projects/ardmorepark/v2/" local="128345801400000000" remote="128345801400000000" />
<file name="changepassword.gif" server="ftp.axonsg.com/www/projects/ardmorepark/v2/" local="128345801400000000" remote="128345801400000000" />
<file name="ctrrgttop.gif" server="ftp.axonsg.com/www/projects/ardmorepark/v2/" local="128345801400000000" remote="128345801400000000" />
<file name="feedback.gif" server="ftp.axonsg.com/www/projects/ardmorepark/v2/" local="128338926000000000" remote="128338926000000000" />
<file name="gettingthere.gif" server="ftp.axonsg.com/www/projects/ardmorepark/v2/" local="128338926000000000" remote="128338926000000000" />
<file name="leftlogin.gif" server="ftp.axonsg.com/www/projects/ardmorepark/v2/" local="128338926000000000" remote="128338926000000000" />
<file name="penthouses.gif" server="ftp.axonsg.com/www/projects/ardmorepark/v2/" local="128338926000000000" remote="128338926000000000" />
<file name="residences.gif" server="ftp.axonsg.com/www/projects/ardmorepark/v2/" local="128338926000000000" remote="128338926000000000" />
<file name="sg.gif" server="ftp.axonsg.com/www/projects/ardmorepark/v2/" local="128338926000000000" remote="128338926000000000" />
<file name="sitemap.gif" server="ftp.axonsg.com/www/projects/ardmorepark/v2/" local="128338926000000000" remote="128338926000000000" />
<file name="siteplan.gif" server="ftp.axonsg.com/www/projects/ardmorepark/v2/" local="128338926000000000" remote="128338926000000000" />
<file name="updatesinfo.gif" server="ftp.axonsg.com/www/projects/ardmorepark/v2/" local="128345810400000000" remote="128345810400000000" />
<file name="video.gif" server="ftp.axonsg.com/www/projects/ardmorepark/v2/" local="128338926000000000" remote="128338926000000000" />
</dwsync>